Serial No.,Box No.,Mens Clothes-Org,Mens Clothes-Eastern ,Mens Clothes-Western,Mens Clothes-Warm,Womens Clothes-Org,Womens Clothes-Eastern ,Womens Clothes-Western,Womens Clothes-Warm,Womens Clothes-Scarves,Womens Clothes-Formal/ Wedding,Boys Clothes-Eastern ,Boys Clothes-Western,Girls Clothes-Org,Girls Clothes-Eastern ,Girls Clothes-Western,Kids/ Babies,Shoes-Org,Shoes-Mens,Shoes-Womens,Shoes-Kids(Girls/Boys,Bedding-Pillows/ Cushions,Bedding-Sheets/ Pillowcases,Bedding-Blankets,Toys,Hygiene,Accessories/Stationary,Household Items,Bags/ Purses,Medical Supplies-Wheel chair,Medical Supplies-Walker,Medical Supplies-Crutches,Medical Supplies-Walking Sticks,Towels
1,1,,,,,,,43,,,,,,,,,,,,,,,,,,,,,,,,,,
2,2,,,,,,,123,,,,,,,,,,,,,,,,,,,,,,,,,,
3,3,,,,,,,101,,,,,,,,,,,,,,,,,,,,,,,,,,
4,4,,,,,,,96,,,,,,,,,,,,,,,,,,,,,,,,,,
5,5,,,63,,,,,,,,,,,,,,,,,,,,,,,,,,,,,,
6,6,,,71,,,,,,,,,,,,,,,,,,,,,,,,,,,,,,
7,7,,,73,,,,,,,,,,,,,,,,,,,,,,,,,,,,,,
8,8,,,67,,,,,,,,,,,,,,,,,,,,,,,,,,,,,,
9,9,,,,,,,,,,,,,,,148,,,,,,,,,,,,,,,,,,
10,10,,,,,,,,,,,,,,,129,,,,,,,,,,,,,,,,,,
11,11,,,,,,,,,,,,,,,116,,,,,,,,,,,,,,,,,,
12,12,,,,,,,,,,,,,,,108,,,,,,,,,,,,,,,,,,
13,13,,,,,,,,,,,,103,,,,,,,,,,,,,,,,,,,,,
14,14,,,,,,,,,,,,140,,,,,,,,,,,,,,,,,,,,,
15,15,,,,,,,,,,,,138,,,,,,,,,,,,,,,,,,,,,
16,16,,,,,,,,,,,,82,,,,,,,,,,,,,,,,,,,,,
17,17,,,,,,,,,,,,,,,,241,,,,,,,,,,,,,,,,,
18,18,,,,,,,,,,,,,,,,278,,,,,,,,,,,,,,,,,
19,19,,,,,,,,,,,,,,,,167,,,,,,,,,,,,,,,,,
20,20,,,,,,,,,,,,,,,,216,,,,,,,,,,,,,,,,,
21,21,,,,,,,,,,,,,,,,,,,,,,,17,,,,,,,,,,
22,22,,,,,,,,,,,,,,,,,,,,,,,,21,,,,,,,,,
23,23,,,,,,,,,,,,,,,,,,,,,11,,,,,,,,,,,,
24,24,,,,,,,,,,,,,,,,,,,,,,56,,,,,,,,,,,
25,25,,,,,,,,32,,,,,,,,,,,,,,,,,,,,,,,,,
26,26,,,,,,,,,,,,,,,,291,,,,,,,,,,,,,,,,,
27,27,,,,,,,113,,,,,,,,,,,,,,,,,,,,,,,,,,
28,28,,,,,,,115,,,,,,,,,,,,,,,,,,,,,,,,,,
29,29,,,,,Masai Mara,,,50,,,,,,,,,,,,,,,,,,,,,,,,,
30,30,,,,,,,,,,,,,,,,,,,,,,29,,,,,,,,,,,
31,31,,,,,,,,,,,,,,,,,,,,,,51,,,,,,,,,,,
32,32,,,,,,,,,,,,,,,,,,,,,,17,,,,,,,,,,,
33,33,,110,,,,,,,,,,,,,,,,,,,,,,,,,,,,,,,
34,34,,,,,,122,,,,,,,,,,,,,,,,,,,,,,,,,,,
35,35,,,,,,,,,,,,131,,,,,,,,,,,,,,,,,,,,,
36,36,,,,,,,,,,,,17,,,,,,,,,,,,,,,,,,,,,
37,37,,,,,,,,,,,,,,,204,,,,,,,,,,,,,,,,,,
38,38,,,,,,,,,,,,,,,180,,,,,,,,,,,,,,,,,,
39,39,,,,,,,,,,,,,,,,,,,,,,,,80,,,,,,,,,
40,40,,,,,,,,,,,,,,,,,,,,,62,,,,,,,,,,,,
41,41,,,,,,,,,,,,,,,,,,55,,,,,,,,,,,,,,,
42,42,,,,,,,,,,,,,,,,237,,,,,,,,,,,,,,,,,
43,43,,,,,,,,,,,,,,,,240,,,,,,,,,,,,,,,,,
44,44,,,,,,,,,,,,,,,135,,,,,,,,,,,,,,,,,,
45,45,,,91,,,,,,,,,,,,,,,,,,,,,,,,,,,,,,
46,46,,,,,,,,,,,,,,,,,,,,,57,,,,,,,,,,,,
47,48,,,,,,,,,,,,,,,,,,,,48,,,,,,,,,,,,,
48,49,,,,,,,,,,,,,,,,,,69,,,,,,,,,,,,,,,
49,50,,,,,,,,,,,,,,,99,,,,,,,,,,,,,,,,,,
50,51,,,,,,,,,,,,,,,,,,,,,,,,,,,X,,,,,,
51,52,,,,,,,,,,,,,,,,,,,,,,,,,,,29,,,,,,
52,53,,,65,,,,,,,,,,,,,,,,,,,,,,,,,,,,,,
53,54,,,85,,,,,,,,,,,,,,,,,,,,,,,,,,,,,,
54,55,,,,,,,,,,,,,,,,,,,,,8,,,,,,,,,,,,
55,56,,,,,,,,,,,,,,,,,,,,59,,,,,,,,,,,,,
56,57,,,,,,,,,167,,,,,,,,,,,,,,,,,,,,,,,,
57,58,,,,,,,,,,,,,,,,,,,,,,,,53,,,,,,,,,
58,59,,,,,Lady of Mercy,,,,197,,,,,,,,,,,,,,,,,,,,,,,,
59,61,,,,,,,,,,,,60,,,,,,,,,,,,,,,,,,,,,
60,62,,,,,,,,,109,,,,,,,,,,,,,,,,,,,,,,,,
61,63,,,,,,,,,,,,100,,,,,,,,,,,,,,,,,,,,,
62,64,,,,,,,,,,,,93,,,,,,,,,,,,,,,,,,,,,
63,65,,,,,,,95,,,,,,,,,,,,,,,,,,,,,,,,,,
64,66,,,,,,,,,,,,,,,,,,,,,,,,17,,,,,,,,,
65,67,,,,,,,,,,,,,,,,,,,,,,55,,,,,,,,,,,
66,68,,,,,KBF,,,61,,,,,,,,,,,,,,,,,,,,,,,,,
67,69,,,,,,,,,210,,,,,,,,,,,,,,,,,,,,,,,,
68,70,,,,,,,,,,,,,,,,,,,,,,60,,,,,,,,,,,
69,72,,,,,,,,,,,,,,,,249,,,,,,,,,,,,,,,,,
70,73,,,,,143,,,,,,,,,,,,,,,,,,,,,,,,,,,,
71,74.1,,,,,,,,,,,,,,,,223,,,,,,,,,,,,,,,,,
72,74.2,,,,,,,,,,,,,,,,,,,,,,,,71,,,,,,,,,
73,75,,,,,Dar-ul-Muslemeen,,,,234,,,,,,,,,,,,,,,,,,,,,,,,
74,76,,,,,Masai Mara,,99,,,,,,,,,,,,,,,,,,,,,,,,,,
75,77,,,,,,,,,,,,126,,,,,,,,,,,,,,,,,,,,,
76,78,,,,,,,,,,,,,,,,,,,,,,13,,,,,,,,,,,
77,79,,,,,,,,,,,,,,,129,,,,,,,,,,,,,,,,,,
78,80,,,79,,,,,,,,,,,,,,,,,,,,,,,,,,,,,,
79,81,,,82,,,,,,,,,,,,,,,,,,,,,,,,,,,,,,
80,82,,,,,,,,,,,,,,,,,,,,,,69,,,,,,,,,,,
81,83,,,,,,,,,,,,,,132,,,,,,,,,,,,,,,,,,,
82,84,,,87,,,,,,,,,,,,,,,,,,,,,,,,,,,,,,
83,85,,,,,,,,,,,,,,,,,,29,,,,,,,,,,,,,,,
84,86,,,,,,,,,,,,,,,,,,,,92,,,,,,,,,,,,,
85,87,,,,,Masai Mara,,,50,,,,,,,,,,,,,,,,,,,,,,,,,
86,88,,,108,,,,,,,,,,,,,,,,,,,,,,,,,,,,,,
87,89,,,,,,122,,,,,,,,,,,,,,,,,,,,,,,,,,,
88,90,,,,,,96,,,,,,,,,,,,,,,,,,,,,,,,,,,
89,91,,,,,,116,,,,,,,,,,,,,,,,,,,,,,,,,,,
90,92,,,,,,64,,,,,,,,,,,,,,,,,,,,,,,,,,,
91,93,,,,,,,153,,,,,,,,,,,,,,,,,,,,,,,,,,
92,94,,,,,,,,,,,,,,,,138,,,,,,,,,,,,,,,,,
93,95,,,,,,,,,,,,,,,,252,,,,,,,,,,,,,,,,,
94,96,,,,,,,134,,,,,,,,,,,,,,,,,,,,,,,,,,
95,97,,,,,,116,,,,,,,,,,,,,,,,,,,,,,,,,,,
96,98,,,,,,,,,,,,,,,,,,,,,,,,31,,,,,,,,,
97,99,,,,,,,,,,,,,,,,,,,,,,,,,,,,,,,,,44
98,100,,,,,,,,,,,,,,,,,,,,,15,,,,,,,,,,,,
99,101,,,,,,,,,,,,,,,,,,,,,,,,60,,,,,,,,,
100,102,,,,,,,,,,,,,,,,,,,,,,71,,,,,,,,,,,
101,103,,,,,,,,,,,,,,,,,,,,,,,,,,,,,,,,,42
102,104,,,,,,74,,,,,,,,,,,,,,,,,,,,,,,,,,,
103,105,,,,,,112,,,,,,,,,,,,,,,,,,,,,,,,,,,
104,106,,,,,,131,,,,,,,,,,,,,,,,,,,,,,,,,,,
105,107,,,,,,46,,,,,,,,,,,,,,,,,,,,,,,,,,,
106,108,,,,45,,,,,,,,,,,,,,,,,,,,,,,,,,,,,
107,109,,,,25,,,,,,,,,,,,,,,,,,,,,,,,,,,,,
108,110,,,,,Masai Mara,,,50,,,,,,,,,,,,,,,,,,,,,,,,,
109,111,,,,,,,,,,,,,,,170,,,,,,,,,,,,,,,,,,
110,112,,,,,,,,,,,,,,,79,,,,,,,,,,,,,,,,,,
111,113,,,,,,,,,,,,,,,,,,,100,,,,,,,,,,,,,,
112,114,,,,,,,,,,,,,,,,,,,,65,,,,,,,,,,,,,
113,115,,,,,,,99,,,,,,,,,,,,,,,,,,,,,,,,,,
114,116,,,,,,,,,,,,,,,,255,,,,,,,,,,,,,,,,,
115,117.1,,,,35,,,,,,,,,,,,,,,,,,,,,,,,,,,,,
116,117.2,VOI,,,27,,,,,,,,,,,,,,,,,,,,,,,,,,,,,
117,119,,,,,,,,,,,,,,,,,,,,,,,,,,,,,,,,,54
118,120,,,,,,,,,,,,,,,,,,,,,16,,,,,,,,,,,,
119,121,,,,,,,,,,,,,,,,,,,,,,52,,,,,,,,,,,
120,122,,,,,,,,,,,,,,,197,,,,,,,,,,,,,,,,,,
121,123,,,,,,,96,,,,,,,,,,,,,,,,,,,,,,,,,,
122,124,,,,,,,,,,,,120,,,,,,,,,,,,,,,,,,,,,
123,125,,,,,,,124,,,,,,,,,,,,,,,,,,,,,,,,,,
124,126,,,,,,,108,,,,,,,,,,,,,,,,,,,,,,,,,,
125,127,,,,,KBF,55,,,,,,,,,,,,,,,,,,,,,,,,,,,
126,128,,,,,,,107,,,,,,,,,,,,,,,,,,,,,,,,,,
127,129,,,,,,69,,,,,,,,,,,,,,,,,,,,,,,,,,,
128,130,,,,,,,,,,,,,,,,,,,,,,,,156,,,,,,,,,
129,131,,,,,,,,,,,,,,,,,,,49,,,,,,,,,,,,,,
130,134,,,91,,,,,,,,,,,,,,,,,,,,,,,,,,,,,,
131,135,,,97,,,,,,,,,,,,,,,,,,,,,,,,,,,,,,
132,136,,,,,,,,,,,,,,,135,,,,,,,,,,,,,,,,,,
133,137,,,,,VOI,41,,,,,,,,,,,,,,,,,,,,,,,,,,,
134,138,,,85,,,,,,,,,,,,,,,,,,,,,,,,,,,,,,
135,139,,,,,Masai Mara,,,35,,,,,,,,,,,,,,,,,,,,,,,,,
136,140,,,85,,,,,,,,,,,,,,,,,,,,,,,,,,,,,,
137,141,,,77,,,,,,,,,,,,,,,,,,,,,,,,,,,,,,
138,142,,,86,,,,,,,,,,,,,,,,,,,,,,,,,,,,,,
139,143,,,,,,,,,,,,,,,,,,,,,,44,,,,,,,,,,,
140,144,,,48,,,,,,,,,,,,,,,,,,,,,,,,,,,,,,
141,145,,,,,,,,,,,,,,,,,,,,,,42,,,,,,,,,,,
142,146,,,,,,,,,,,,,,,,,,,,,,,15,,,,,,,,,,
143,147,,,,,,,,,,,,,,,,,,,,,,,10,,,,,,,,,,
144,148,,,67,,,,,,,,,,,,,,,,,,,,,,,,,,,,,,
145,149,,,,,,,,,,,,,,,102,,,,,,,,,,,,,,,,,,
146,150,,,,,,103,,,,,,,,,,,,,,,,,,,,,,,,,,,
147,151,,,,,,,,,,,,,,,,,,,,,,,9,,,,,,,,,,
148,152,,,,,,,,,,,,,,,,,,,,,,,8,,,,,,,,,,
149,153,,,,,VOI,,,50,,,,,,,,,,,,,,,,,,,,,,,,,
150,154,,,,,,,50,,,,,,,,,,,,,,,,,,,,,,,,,,
151,155,,,92,,,,,,,,,,,,,,,,,,,,,,,,,,,,,,
152,156,,,,,,,95,,,,,,,,,,,,,,,,,,,,,,,,,,
153,157,,,,,,,,,,,,,,,,,,,,,,,,,,,54,,,,,,
154,158,,,,,,,,,,,,,,,,,,,,,,,,19,,,,,,,,,
155,159,,,,,,,,,,,,,,,,,,,,,,,,86,,,,,,,,,
156,160,,,,,,,,,,,,,,,,,,,,,,,,21,,,,,,,,,
157,161,,,,,,,,,,,,,,,,,,,,,,,,80,,,,,,,,,
158,162,,,,,,,,,,,,,,,,,,,,,,,,116,,,,,,,,,
159,163,,,,,Masai Mara,,,58,,,,,,,,,,,,,,,,,,,,,,,,,
160,164,,,,,,,121,,,,,,,,,,,,,,,,,,,,,,,,,,
161,165,,,,,,,,,,,,,,,,,,,,,,,,22,,,,,,,,,
162,166,,,,,,104,,,,,,,,,,,,,,,,,,,,,,,,,,,
163,167,,,,,,118,,,,,,,,,,,,,,,,,,,,,,,,,,,
164,168,,,,,,63,,,,,,,,,,,,,,,,,,,,,,,,,,,
165,169,,,,,,,,,,,,,,,,,,,,,,X,,,,,,,,,,,
166,170,,,,,,,,,,,,,,,,,,,,,,65,,,,,,,,,,,
167,171,,,,,,110,,,,,,,,,,,,,,,,,,,,,,,,,,,
168,172,,60,,,,,,,,,,,,,,,,,,,,,,,,,,,,,,,
169,173,,,,,,,,,,,,,,,,323,,,,,,,,,,,,,,,,,
170,174,,,,,,,,,,,,,,,,129,,,,,,,,,,,,,,,,,
171,175,,,,,,,,,,,,,,,120,,,,,,,,,,,,,,,,,,
172,176,,,,,,,,,,,,,,,,,,,,,X,,,,,,,,,,,,
173,177,,,,,,,,,,,,,,,,,,,,,9,,,,,,,,,,,,
174,178,,,,,,,91,,,,,,,,,,,,,,,,,,,,,,,,,,
175,179,,,,,,,,,,,,,,,,,,,,,,182,,,,,,,,,,,
176,180,,,,,,,,,,,,,,,,,,,,,,,X,,,,,,,,,,
177,181,,,,,,,,,,,,,,,,,,,,,,,10,,,,,,,,,,
178,182,,,,,,127,,,,,,,,,,,,,,,,,,,,,,,,,,,
179,183,,,,,,,,,,,,115,,,,,,,,,,,,,,,,,,,,,
180,184,,,,,,,,,,,,,,,,,,,,,,,6,,,,,,,,,,
181,185,,,,,,,,,,,,,,,,,,,,,,47,,,,,,,,,,,
182,186,,,,,,,,,,,,,,,,255,,,,,,,,,,,,,,,,,
183,187,,,,,132,,,,,,,,,,,,,,,,,,,,,,,,,,,,
184,188,,,,,,,,,,,,,,,,,,,,,,,,,,,,,,,,,37
185,189,,,,,,131,,,,,,,,,,,,,,,,,,,,,,,,,,,
186,190,,,,,KBF,97,,,,,,,,,,,,,,,,,,,,,,,,,,,
187,191,,,,,,100,,,,,,,,,,,,,,,,,,,,,,,,,,,
188,192,,,,,,115,,,,,,,,,,,,,,,,,,,,,,,,,,,
189,193,,,,,KBF,70,,,,,,,,,,,,,,,,,,,,,,,,,,,
190,194,,,,,,140,,,,,,,,,,,,,,,,,,,,,,,,,,,
191,195,,,,,KBF,108,,,,,,,,,,,,,,,,,,,,,,,,,,,
192,196,,,,,,80,,,,,,,,,,,,,,,,,,,,,,,,,,,
193,197,,,88,,,,,,,,,,,,,,,,,,,,,,,,,,,,,,
194,198,,,85,,,,,,,,,,,,,,,,,,,,,,,,,,,,,,
195,199,,,88,,,,,,,,,,,,,,,,,,,,,,,,,,,,,,
196,200,,,87,,,,,,,,,,,,,,,,,,,,,,,,,,,,,,
197,201,,,84,,,,,,,,,,,,,,,,,,,,,,,,,,,,,,
198,202,,,59,,,,,,,,,,,,,,,,,,,,,,,,,,,,,,
199,203,,,,,,,,,,,,,,,,112,,,,,,,,,,,,,,,,,
200,204,,,,,,,,,,,,,,,,254,,,,,,,,,,,,,,,,,
201,205,,,,,,,101,,,,,,,,,,,,,,,,,,,,,,,,,,
202,206,,,,,,,,,,,,167,,,,,,,,,,,,,,,,,,,,,
203,207,,,,,,,,,,,,,,,,,,,69,,,,,,,,,,,,,,
204,208,,,,,,,,,,,,,,,,,,30,,,,,,,,,,,,,,,
205,209,,,,,,,,,,,,,,,,,,,60,,,,,,,,,,,,,,
206,210,,,,,,,,,,,,,,,68,,,,,,,,,,,,,,,,,,
207,211,,,,,,,,,,,,,,,,,,,74,,,,,,,,,,,,,,
208,212,,,,,,,,,,,,,,,,,,,44,,,,,,,,,,,,,,
209,213,,,,,,,,,,,,,,,,,,,,107,,,,,,,,,,,,,
210,214,,,,,,,,,,,,,,,,,,40,,,,,,,,,,,,,,,
211,215,,,,,,,,,,,,,,,,240,,,,,,,,,,,,,,,,,
212,216,,,,,,,,,,,,46,,,,,,,,,,,,,,,,,,,,,
213,217,,,,,,75,,,,,,,,,,,,,,,,,,,,,,,,,,,
214,218,,,,,,,,,188,,,,,,,,,,,,,,,,,,,,,,,,
215,219,,,,,,,,,,,,,,,,,,36,,,,,,,,,,,,,,,
216,220,,,,,,,,,,,,,,,,,,,,,,,,,,,65,,,,,,
217,221,,,,,,,,,,,,,,,,,,,,,,,,50,,,,,,,,,
218,222,,,,,,,,,,,,,,,,,,,,,,,,43,,,,,,,,,
219,223,,,,,,,,,,,,123,,,,,,,,,,,,,,,,,,,,,
220,224,,,,,KBF,X,,,,,,,,,,,,,,,,,,,,,,,,,,,
221,225,,,X,,,,,,,,,,,,,,,,,,,,,,,,,,,,,,
222,226,,,,,,,,,,,,,,,,,,,,,,,,,,,X,,,,,,
223,227,,,99,,,,,,,,,,,,,,,,,,,,,,,,,,,,,,
224,228,,,,,,,,,,,,,,,,,,,,,,,,,,,51,,,,,,
225,229.1,,,87,,,,,,,,,,,,,,,,,,,,,,,,,,,,,,
226,229.2,,,,,,,84,,,,,,,,,,,,,,,,,,,,,,,,,,
227,231,,,96,,,,,,,,,,,,,,,,,,,,,,,,,,,,,,
228,232,,,121,,,,,,,,,,,,,,,,,,,,,,,,,,,,,,
229,233,,,,,,,,,,,,,,,151,,,,,,,,,,,,,,,,,,
230,234,,,,,,,,,,,,,,,124,,,,,,,,,,,,,,,,,,
231,236,Masai Mara,,,16,,,,,,,,,,,,,,,,,,,,,,,,,,,,,
232,237,Masai Mara,,,61,,,,,,,,,,,,,,,,,,,,,,,,,,,,,
233,238,,,,,,,,,,,,,,,,,,,55,,,,,,,,,,,,,,
234,239,,,,,,,,,,,,,,,,201,,,,,,,,,,,,,,,,,
235,240,,,,37,,,,,,,,,,,,,,,,,,,,,,,,,,,,,
236,242,,,,,,,,,,,,,,,,,,,,,,,,65,,,,,,,,,
237,243,,,,,,,,,,,,,,,,,,,,,29,,,,,,,,,,,,
238,244,,,,,,,,,,,,,,,,,,,,,,,7,,,,,,,,,,
239,245,,,63,,,,,,,,,,,,,,,,,,,,,,,,,,,,,,
240,246,,,,,,,,,,,,,,,,224,,,,,,,,,,,,,,,,,
241,247,,,102,,,,,,,,,,,,,,,,,,,,,,,,,,,,,,
242,248,Masai Mara,,,38,,,,,,,,,,,,,,,,,,,,,,,,,,,,,
243,249,,,,,,,,,,,,,,,,,,,X,,,,,,,,,,,,,,
244,250.1,,,,,,84,,,,,,,,,,,,,,,,,,,,,,,,,,,
245,250.2,,,,,,,,,,,,,,,,,,,,84,,,,,,,,,,,,,
246,251,,,,,,,,,,,,,,,,,,,,,,,,,,,,,,,,,X
247,252,,,,,,,,,,,,,,,,,,,55,,,,,,,,,,,,,,
248,253,,,,38,,,,,,,,,,,,,,,,,,,,,,,,,,,,,
249,254,,,,,,,,,,,,,,,,,,,,60,,,,,,,,,,,,,
250,255,,,,,,,,,,,,,,,,,,,,,,,,62,,,,,,,,,
251,256,,,,,,,,,,,,,,,,,,,,,,,,40,,,,,,,,,
252,257,,,,,,,,,,,,,,,,,,,,,,,,76,,,,,,,,,
253,258,,,,,,,,,,,,,,,,,,,,,10,,,,,,,,,,,,
254,259,Masai Mara,,,37,,,,,,,,,,,,,,,,,,,,,,,,,,,,,
255,260,,,,,,,,,,,,,,,,,,,,,,,,51,,,,,,,,,
256,261,,,,,,,,,,,,,,,,,,,52,,,,,,,,,,,,,,
257,262,,,,,,,,,,,,87,,,,,,,,,,,,,,,,,,,,,
258,263,,,,,,,,,,,,,,,108,,,,,,,,,,,,,,,,,,
259,264,,,92,,,,,,,,,,,,,,,,,,,,,,,,,,,,,,
260,265,,,50,,,,,,,,,,,,,,,,,,,,,,,,,,,,,,
261,266,,,,,KBF,124,,,,,,,,,,,,,,,,,,,,,,,,,,,
262,267,,,,,,,,,,,,,,,,,,55,,,,,,,,,,,,,,,
263,268,,,,,Masai Mara,,,52,,,,,,,,,,,,,,,,,,,,,,,,,
264,269,,,69,,,,,,,,,,,,,,,,,,,,,,,,,,,,,,
265,270,,,,,,,,,,,,,,,136,,,,,,,,,,,,,,,,,,
266,271,,,,,,,115,,,,,,,,,,,,,,,,,,,,,,,,,,
267,272,,,,,,,,,,,,,,,,,,,65,,,,,,,,,,,,,,
268,273,,,,,,,,,,,,,,,,,,,,,,,,53,,,,,,,,,
269,274,,,,,Masai Mara,,,47,,,,,,,,,,,,,,,,,,,,,,,,,
270,275,,,104,,,,,,,,,,,,,,,,,,,,,,,,,,,,,,
271,276,,,,,,,,,,,,,,,,,,,,,,,,80,,,,,,,,,
272,277,,,,,,,,,,,,,,,,,,,,,,,,41,,,,,,,,,
273,278,,,,,,,,,,,,,,,114,,,,,,,,,,,,,,,,,,
274,279,,,62,,,,,,,,,,,,,,,,,,,,,,,,,,,,,,
275,280,,,,,,36,,,,,,,,,,,,,,,,,,,,,,,,,,,
276,281.1,,,80,,,,,,,,,,,,,,,,,,,,,,,,,,,,,,
277,281.2,,,,,,127,,,,,,,,,,,,,,,,,,,,,,,,,,,
278,282,,,,,,,,,,,,,,,,,,,,70,,,,,,,,,,,,,
279,283,,,,,,,,,,,,,,,,,,,,,8,,,,,,,,,,,,
280,284,Masai Mara,,,44,,,,,,,,,,,,,,,,,,,,,,,,,,,,,
281,285,,88,,,,,,,,,,,,,,,,,,,,,,,,,,,,,,,
282,286,,,,,,,,,,,,,,,,,,26,,,,,,,,,,,,,,,
283,287,Masai Mara,,,30,,,,,,,,,,,,,,,,,,,,,,,,,,,,,
284,288,,,,,,,192,,,,,,,,,,,,,,,,,,,,,,,,,,
285,289,,,,,,,,,,,,,,,,,,,,,,,,38,,,,,,,,,
286,290,,,,,,,,,,55,,,,,,,,,,,,,,,,,,,,,,,
287,291,,,,,,,47,,,,,,,,,,,,,,,,,,,,,,,,,,
288,292,,,,,,,104,,,,,,,,,,,,,,,,,,,,,,,,,,
289,293,,,60,,,,,,,,,,,,,,,,,,,,,,,,,,,,,,
290,294,,,,,,,119,,,,,,,,,,,,,,,,,,,,,,,,,,
291,295,,,,,,,,,,,,,,,,,,,,,10,,,,,,,,,,,,
292,296,,,,,,,,,,,,,,,108,,,,,,,,,,,,,,,,,,
293,297,,,,,,,119,,,,,,,,,,,,,,,,,,,,,,,,,,
294,298,,,,,VOI,,132,,,,,,,,,,,,,,,,,,,,,,,,,,
295,300,,,,,,,141,,,,,,,,,,,,,,,,,,,,,,,,,,
296,301,,,,,,108,,,,,,,,,,,,,,,,,,,,,,,,,,,
297,302,,,,,,,128,,,,,,,,,,,,,,,,,,,,,,,,,,
298,303,,,,,KBF,131,,,,,,,,,,,,,,,,,,,,,,,,,,,
299,304,,,,,,,127,,,,,,,,,,,,,,,,,,,,,,,,,,
300,305,,,,,,,115,,,,,,,,,,,,,,,,,,,,,,,,,,
301,306,,,,,,,108,,,,,,,,,,,,,,,,,,,,,,,,,,
302,307,,,,,Masai Mara,,,86,,,,,,,,,,,,,,,,,,,,,,,,,
303,308,,,,,,40,,,,,,,,,,,,,,,,,,,,,,,,,,,
304,309,,,,,,,149,,,,,,,,,,,,,,,,,,,,,,,,,,
305,310,,,40,,,,,,,,,,,,,,,,,,,,,,,,,,,,,,
306,311,,,112,,,,,,,,,,,,,,,,,,,,,,,,,,,,,,
307,312,,,79,,,,,,,,,,,,,,,,,,,,,,,,,,,,,,
308,313,,,71,,,,,,,,,,,,,,,,,,,,,,,,,,,,,,
309,314,,,71,,,,,,,,,,,,,,,,,,,,,,,,,,,,,,
310,315,,,94,,,,,,,,,,,,,,,,,,,,,,,,,,,,,,
311,316.1,,,84,,,,,,,,,,,,,,,69,,,,,,,,,,,,,,,
312,316.2,,,,,,,,,,,,,,,,,,69,,,,,,,,,,,,,,,
313,317,,,,,,,,,,,,,,,131,,,,,,,,,,,,,,,,,,
314,318,,,,,,,,,,,,,,,118,,,,,,,,,,,,,,,,,,
315,319,,,,,,,,,,,,,,,124,,,,,,,,,,,,,,,,,,
316,320,,,,,,,,,,,,,,,162,,,,,,,,,,,,,,,,,,
317,321,,,,,,,,,,,,,,,144,,,,,,,,,,,,,,,,,,
318,322,,,,,,,,,,,,,,,95,,,,,,,,,,,,,,,,,,
319,323,,,,,,,,,,,,159,,,,,,,,,,,,,,,,,,,,,
320,324,,,,,,,,,,,,117,,,,,,,,,,,,,,,,,,,,,
321,325,,,,,,,,,,,,228,,,,,,,,,,,,,,,,,,,,,
322,326,,,,,,,,,,,,170,,,,,,,,,,,,,,,,,,,,,
323,327,,,,,Masai Mara,,,50,,,,,,,,,,,,,,,,,,,,,,,,,
324,328,,,66,,,,,,,,,,,,,,,,,,,,,,,,,,,,,,
325,329,,,,,,,106,,,,,,,,,,,,,,,,,,,,,,,,,,
326,330,,,,,,,,,,,,,,,,,,,,,,,,,,,46,,,,,,
327,331,,,,,,,,35,,,,,,,,,,,,,,,,,,,,,,,,,
328,332,,,,,,,,,,,,,,,152,,,,,,,,,,,,,,,,,,
329,333,,,,,,,,,,,,,,,,,,,,,17,,,,,,,,,,,,
330,334,,,,,,,,,,,,,,X,,,,,,,,,,,,,,,,,,,
331,335,,,,,,76,,,,,,,,,,,,,,,,,,,,,,,,,,,
332,336,,,,,,,,,236,,,,,,,,,,,,,,,,,,,,,,,,
333,337,,,,24,,,,,,,,,,,,,,,,,,,,,,,,,,,,,
334,338,,,,,,83,,,,,,,,,,,,,,,,,,,,,,,,,,,
335,339,,,,,,,,,222,,,,,,,,,,,,,,,,,,,,,,,,
336,340,,,,,,,,,,,,,,,38,,,,,,,,,,,,,,,,,,
337,341,,,,,,,,,,,,,,,,,,,,,,84,,,,,,,,,,,
338,342,,,,,,,,,,,,,VOI,,148,,,,,,,,,,,,,,,,,,
339,343,,,38,,,,,,,,,,,,,,,,,,,,,,,,,,,,,,
340,344,,,,,,,85,,,,,,,,,,,,,,,,,,,,,,,,,,
341,345,,,,,,,130,,,,,,,,,,,,,,,,,,,,,,,,,,
342,346,,,,,,,118,,,,,,,,,,,,,,,,,,,,,,,,,,
343,347,,,,,,,,,,,,,,,,,,,,,,,,,,,,,,,,,
344,348,,,,,,75,,,,,,,,,,,,,,,,,,,,,,,,,,,
345,349,,,,,,73,,,,,,,,,,,,,,,,,,,,,,,,,,,
346,350,,,,,,,,,,,,,,,,231,,,,,,,,,,,,,,,,,
347,351,,,,,,117,,,,,,,,,,,,,,,,,,,,,,,,,,,
348,352,,,,,,,133,,,,,,,,,,,,,,,,,,,,,,,,,,
349,353,,,,,,77,,,,,,,,,,,,,,,,,,,,,,,,,,,
350,354,,,,,,,,,,,,,,,,,,,,,,,43,,,,,,,,,,
351,355,,,,,VOI,,,45,,,,,,,,,,,,,,,,,,,,,,,,,
352,356,,,,,,X,,,,,,,,,,,,,,,,,,,,,,,,,,,
353,357,,,,,,,,,192,,,,,,,,,,,,,,,,,,,,,,,,
354,358,,,,,,,,,,,,164,,,,,,,,,,,,,,,,,,,,,
355,359,,,,,,,,,,,,145,,,,,,,,,,,,,,,,,,,,,
356,360,,,,,,,,,185,,,,,,,,,,,,,,,,,,,,,,,,
357,361,,,,,,,117,,,,,,,,,,,,,,,,,,,,,,,,,,
358,362,,,,69,,,,,,,,,,,,,,,,,,,,,,,,,,,,,
359,363,,,,,,,,,,,,,,,,,,,,,,,,22,,,,,,,,,
360,364,,,,,,,,,,,,,,,,,,35,,,,,,,,,,,,,,,
361,365,,,,,,,,,,,,,,,,,,,60,,,,,,,,,,,,,,
362,366,,,,,,,,,,,,,,101,,,,,,,,,,,,,,,,,,,
363,367,,,,,,,,,,,,116,,,,,,,,,,,,,,,,,,,,,
364,368,,,89,,,,,,,,,,,,,,,,,,,,,,,,,,,,,,
365,369,,,,,KBF,X,,,,,,,,,,,,,,,,,,,,,,,,,,,
366,370,,,,,KBF,82,,,,,,,,,,,,,,,,,,,,,,,,,,,
367,371,,,,,Masa Mara,,,,,,,,,,,,,,,,,,,,,,,,,,,,
368,372,,,,,KBF,X,,,,,,,,,,,,,,,,,,,,,,,,,,,
369,373,,,X,,Lady of Mercy,,,,,,,,,,,,,,,,,,,,,,,,,,,,
370,374,,,,,Lady of Mercy,,,,,,,,,,,X,,,,,,,,,,,,,,,,,
371,375,,,,,Masa Mara,,,X,,,,,,,,,,,,,,,,,,,,,,,,,
372,376,,,,,KBF,,,,,X,,,,,,,,,,,,,,,,,,,,,,,
373,377,,,,,Lady of Mercy,,X,,,,,,,,,,,,,,,,,,,,,,,,,,
374,378,,,,,KBF,,,,,,,X,,,,,,,,,,,,,,,,,,,,,
375,379,,,,,LAdy of Mercy,,X,,,,,,,,,,,,,,,,,,,,,,,,,,
376,380,,,,,KBF,,,,,,,,,,,,,,,,,,,,,X,,,,,,,
377,381,,,X,,,,,,,,,,,,,,,,,,,,,,,,,,,,,,
378,382,,,,,,,,,,,,,,,,,,,X,,,,,,,,,,,,,,
379,383,,,,,KBF,,,,,,,,,,,,,,,,,,,,,X,,,,,,,
380,384,,,,,KBF,X,,,,,,,,,,,,,,,,,,,,,,,,,,,
381,385,,,,,,,,,,,,,,,,,,,,,,,,,,,,,,,,,
382,386,,,,,,,,,180,,,,,,,,,,,,,,,,,,,,,,,,
383,C74,,,,,,,,X,,,,,,,,,,,,,,,,,,,,,,,,,
384,C95,,,,,KBF,,,,X,,,,,,,,,,,,,,,,,,,,,,,,
385,C75,,,,,,,,,,,,,,,,,,,,,,,,X,,,,,,,,,
386,C83,,,X,,,,,,,,,,,,,,,,,,,,,,,,,,,,,,
387,C71,,,X,,,,,,,,,,,,,,,,,,,,,,,,,,,,,,
388,C56,,,,,,,X,,,,,,,,,,,,,,,,,,,,,,,,,,
389,C18,,,,,Masai Mara,,,X,,,,,,,,,,,,,,,,,,,,,,,,,
390,C113,,,,,,X,,,,,,,,,,,,,,,,,,,,,,,,,,,
391,C15,,,,,,,,,,,,,,,X,,,,,,,,,,,,,,,,,,
392,C105,,,,,,,,,,,,,,,,,,,X,,,,,,,,,,,,,,
393,C92,,,,,,X,,,,,,,,,,,,,,,,,,,,,,,,,,,
394,C111,,,,,,,,X,,,,,,,,,,,,,,,,,,,,,,,,,
395,C77,,,,,,X,,,,,,,,,,,,,,,,,,,,,,,,,,,
396,C124,,,,,,,,,,,,,,,,,,,,,,,,X,,,,,,,,,
397,C73,,,,,,,,X,,,,,,,,,,,,,,,,,,,,,,,,,
398,C42,,,,,,,X,,,,,,,,,,,,,,,,,,,,,,,,,,
399,C34,,,X,,,,,,,,,,,,,,,,,,,,,,,,,,,,,,
400,C35,,,,,,,X,,,,,,,,,,,,,,,,,,,,,,,,,,
401,C125,,,,,,,,,,,,,,,X,,,,,,,,,,,,,,,,,,
402,C107,,,,,Masai Mara,,X,,,,,,,,,,,,,,,,,,,,,,,,,,
403,C3,,,,,,,,,,,,,,,X,,,,,,,,,,,,,,,,,,
404,C110,,,,,KBF,X,,,,,,,,,,,,,,,,,,,,,,,,,,,
405,C122,,,,,,,,,,,,,,,X,,,,,,,,,,,,,,,,,,
406,C27,,,,,,,X,,,,,,,,,,,,,,,,,,,,,,,,,,
407,C119,,,,,KBF,X,,,,,,,,,,,,,,,,,,,,,,,,,,,
408,C87,,,,,,X,,,,,,,,,,,,,,,,,,,,,,,,,,,
409,C59,,,,,,X,,,,,,,,,,,,,,,,,,,,,,,,,,,
410,C12,,,,X,,,,,,,,,,,,,,,,,,,,,,,,,,,,,
411,C114,,,,,,,X,,,,,,,,,,,,,,,,,,,,,,,,,,
412,C1,,,,,,,X,,,,,,,,,,,,,,,,,,,,,,,,,,
413,C84,,,,,,X,,,,,,,,,,,,,,,,,,,,,,,,,,,
414,C98,,,,,Masai Mara,,X,,,,,,,,X,,,,,,,,,,,,,,,,,,
415,C20,,,,,,,,,,,,,,,,,,,,,,,,,,,,,,,,,
416,C94,,,,,,,X,,,,,,,,,,,,,,,,,,,,,,,,,,
417,C79,,,X,,,,,,,,,,,,,,,,,,,,,,,,,,,,,,
418,C97,,,,,,,,,,,,,,,X,,,,,,,,,,,,,,,,,,
419,C45,,,X,,,,,,,,,,,,,,,,,,,,,,,,,,,,,,
420,C82 ,,,X,,,,,,,,,,,,,,,,,,,,,,,,,,,,,,
421,C68,,,X,,,,,,,,,,,,,,,,,,,,,,,,,,,,,,
422,C33,,,,,,,,,,,,,,,X,,,,,,,,,,,,,,,,,,
423,C55,,,,,KBF,X,,,,,,,,,,,,,,,,,,,,,,,,,,,
424,C88,,,,,,,,,,,,,,,,X,,,,,,,,,,,,,,,,,
425,C4,,,X,,,,,,,,,,,,,,,,,,,,,,,,,,,,,,
426,C86,,,X,,,,,,,,,,,,,,,,,,,,,,,,,,,,,,
427,C116,,,,,,,,,,,,X,,,,,,,,,,,,,,,,,,,,,
428,C26,,,,,,,,,,,,X,,,,,,,,,,,,,,,,,,,,,
429,C115,,,,,,,,,,,,,,,,X,,,,,,,,,,,,,,,,,
430,C66,,,,,,,,,,,,,,,,,,,,,,X,,,,,,,,,,,
431,C67,,,,,,,,,,,,,,,,,,,,,,X,,,,,,,,,,,
432,C120,,,,,,,,,,,,,,,,,,,,,,,,X,,,,,,,,,
433,C118,,,,,,,,,,,,,,,,,,,,,,,,X,,,,,,,,,
434,C81,,,,,Daur Ul Muslimeen,,,,X,,,,,,,,,,,,,,,,,,,,,,,,
435,C28,,,,,,,,,,,,,,,,,,,,,,,,,,,X,,,,,,
436,C50,,,,,,X,,,,,,,,,,,,,,,,,,,,,,,,,,,
437,C24,,,,,,,,,,,,X,,,,,,,,,,,,,,,,,,,,,
438,C37,,,,,,,X,,,,,,,,,,,,,,,,,,,,,,,,,,
439,C99,,,,,,,,,,,,,,,,,,,,,,,,,X,,,,,,,,
440,C3,,,,,,,,,,,,,,,,,,,,,,,,,,X,,,,,,,
441,C57,,,,,,,X,,,,,,,,,,,,,,,,,,,,,,,,,,
442,C102,,,,,,,,,,,,,,,,X,,,,,,,,,,,,,,,,,
443,C112,,,,,,,,,,,,,,,,,,,,,,,,,X,,,,,,,,
444,C91,,,,,,,,,,,,,,,,,,,,,,,,,X,,,,,,,,
445,C78,,,X,,,,,,,,,,,,,,,,,,,,,,,,,,,,,,
446,C22,,,X,,,,,,,,,,,,,,,,,,,,,,,,,,,,,,
447,C109,,,,,,,,,,,,,,,,,,,,,,,,,,X,,,,,,,
448,C69,,,,,,,,,,,,,,,,,,,X,,,,,,,,,,,,,,
449,C85,,,,,,,,,,,,,,,,,,X,,,,,,,,,,,,,,,
450,C17,,,,,,,,X,,,,,,,,,,,,,,,,,,,,,,,,,
451,C63,,,,,,,,,,,,,,,,,,,X,,,,,,,,,,,,,,
452,C108,,,,,,,,,,,,,,,,,,,,X,,,,,,,,,,,,,
453,C109,,,,,,,,,,,,,,,,,,,,X,,,,,,,,,,,,,
454,C109,,,,,,,,,,,,,,,,,,,,X,,,,,,,,,,,,,
455,C108,,,,,,,,,,,,,,,,,,,,X,,,,,,,,,,,,,
456,C32,,,,,,,,,,,,,,,,,,,,X,,,,,,,,,,,,,
457,C30,,,,,,,,,,,,,,,,,,X,,,,,,,,,,,,,,,
458,C131,,,,,,,,,,,,,,,,X,,,,,,,,,,,,,,,,,
459,C132,,,,,,,,,,,,,,,,,,,,,,,,,,X,,,,,,,
460,C133,,,,,,,,,,,,,,,,,,,,,,,,,X,,,,,,,,